insert into dmsach value ('DMS1',N'Thiếu Nhi','');
insert into dmsach value ('DMS2',N'Khoa Học','');
insert into dmsach value ('DMS3',N'Tôn Giáo','');
insert into dmsach value ('DMS4',N'Chính Trị','');
insert into dmsach value ('DMS5',N'Văn Học','');

insert into dmdochoi value ('DMDC1',N'Nhóm 0-3 tuổi','');
insert into dmdochoi value ('DMDC2',N'Nhóm 4-8 tuổi','');
insert into dmdochoi value ('DMDC3',N'Nhóm trên 8 tuổi','');

insert into dmdungcu value ('DMDCC1',N'Tiểu học','');
insert into dmdungcu value ('DMDCC2',N'Trung học','');
insert into dmdungcu value ('DMDCC3',N'Phổ thông','');

insert into loaikhachhang value ('LKH1',N'Thường');
insert into loaikhachhang value ('LKH2',N'VIP1');
insert into loaikhachhang value ('LKH3',N'VIP2');

insert into nhanvien values('nv1',N'Hoàng Tuấn Mạnh ','1999/06/8',N'Nhân Viên','0777941772','tuanmanh201@gmail.com',N'Nghệ An');
insert into nhanvien values('nv2',N'Hà Văn Thuận','1999/2/26',N'Phó giám đốc','0913002441','thuanha56@gmail.com',N'Quảng Nam');
insert into nhanvien values('nv3',N'Nguyễn Thị Linh','1999/10/28',N'Thư kí','0913002441','Linh123@gmail.com',N'Quảng Bình');
insert into nhanvien values('nv4',N'Hà Long Hải','1999/03/07',N'Nhân Viên','0363215351','halonghai@gmail.com',N'Quảng Bình');
insert into nhanvien values('nv5',N'Nguyễn Văn Hùng','1999/06/08',N'Giám đốc','0913362157','Hung78@gmail.com',N'Quảng Ngãi');
insert into nhanvien values('nv6',N'Nguyễn Văn Ly','1999/08/07',N'Nhân Viên','0996325874','Ly98@gmail.com',N'Quảng Nam');
insert into nhanvien values('nv7',N'Ngô Minh Hu','1999/08/09',N'Nhân Viên','0986352147','Hu123gmail.com',N'Nam Định');
insert into nhanvien values('nv8',N'Trần Viết Hải','1999/03/07',N'Nhân Viên','0362158742','Hai 123@gmail.com',N'Quảng Bình');
insert into nhanvien values('nv9',N'Nguyễn Anh','1999/01/07',N'Nhân Viên','0998512362','HaiAnh@gmail.com',N'Huế');
insert into nhanvien values('nv10',N'Võ Văn Thắng','1999/08/22',N'Nhân Viên','0965123748','thang123@gmail.com',N'Quảng Nam');

insert into khachhang values('kh1',N'Trần Hoàng Hùng','hung@gmail.com','0363688925','2002/1/2','LKH1');
insert into khachhang values('kh2',N'Hoàng An','Hung987@gmail.com','0363685525','2002/1/2','LKH2');
insert into khachhang values('kh3',N'Trần Anh Hải','Hai@gmail.com','0363812001','2001/12/10','LKH1');
insert into khachhang values('kh4',N'Đào Bá Dương ','Duonng@gmail.com','036389440','2002/1/2','LKH3');
insert into khachhang values('kh5',N'Nguyễn Bảo Kha','kha@gmail.com','03669220','2002/1/10','LKH2');
insert into khachhang values('kh6',N'Phạm Hoàng Hiền ','Hien@gmail.com','036445289','208/1/10','LKH1');
insert into khachhang values('kh7',N'Nguyễn Văn Trọng','trong@gmail.com','0363698123','2002/12/11','LKH3');
insert into khachhang values('kh8',N'Hoàng Nghĩa Trang','Trang@gmail.com','0364586358','2002/1/2','LKH2');
insert into khachhang values('kh9',N'Trần Dần','Dan@gmail.com','0363689990','2003/01/02','LKH1');
insert into khachhang values('kh10',N'Trần Mơ','Mo@gmail.com','0355988244','2003/11/02','LKH3');

insert into sanphamsach values('sp1',N'NGƯỜI ĐÀN BÀ HÓA ĐÁ','100','54400','quyển','DMS5','Hội nhà văn','2019','K.A Applegate','2019/11/27',1);
insert into sanphamsach values('sp2',N'TÌNH MỘT ĐÊM','100','5000','quyển','DMS2','Văn Học','2019','Mark Haddon','2019/11/07',1);
insert into sanphamsach values('sp3',N'TÔI QUYẾT ĐỊNH CUỘC SỐNG CHO TÔI','50','116000','quyển','DMS3','Thế giới','2018','Mary Roach','2018/10/27',2);
insert into sanphamsach values('sp4',N' TIỂU THUYẾT TÌNH YÊU','20','8000','quyển','DMS2','Thế giới','2019','Mickaël Launay','2019/05/16',2);
insert into sanphamsach values('sp5',N'ĐẮC NHÂN TÂM','100','9440','quyển','DMS1','Thế giới','2019','Hong Dinh','2019/04/10',1);
insert into sanphamsach values('sp6',N'21 YÊU NGƯỜI CON GÁI NHƯ EM','18','167200','quyển','DMS4','Thế giới','2018','Yuval Noah Harari','2019/02/10',1);
insert into sanphamsach values('sp7',N'THỦY HỬ','55','187000','quyển','DMS4','Người Mới','2020','Valérie Perrin','2020/11/03',1);
insert into sanphamsach values('sp8',N'NHÀ GIẢ KIM','66','119000','quyển','DMS1','Hà Nội','2020','Thomas Cathcart - Daniel Klein','2020/09/21',1);
insert into sanphamsach values('sp9',N'ĐÁM ĐÔNG','63','75000','quyển','DMS1','Lao Động','2018','Steve Harvey','2018/09/30',1);
insert into sanphamsach values('sp10',N'VỢ NHẶT','30','129000','quyển','DMS5','Thế Giới','2020','Julian Young','2020/03/01',1);


insert into sanphamdochoi values('spd1',N'Ty ngậm Kuku','100','54400','đ','DMDC1','Hàn','Dior','K.A Applegate','Ngầm');
insert into sanphamdochoi values('spd2',N'Siêu nhân','150','54400','đ','DMDC2','Trung','Hermes','K.A Applegate','Xem');
insert into sanphamdochoi values('spd3',N'K98','200','54000','đ','DMDC3','Nga','Gucci','K.A Applegate','Bắn');
insert into sanphamdochoi values('spd4',N'Scar','100','64000','đ','DMDC1','Mỹ','Nike','K.A Applegate','Bắn');
insert into sanphamdochoi values('spd5',N'M416','300','54400','đ','DMDC2','Lào','Adidas','K.A Applegate','Bắn');
insert into sanphamdochoi values('spd6',N'AK47','350','34400','đ','DMDC3','Campuchia','Disney','K.A Applegate','Bắn');
insert into sanphamdochoi values('spd7',N'Kiếm súng','150','20400','đ','DMDC1','Thái','Legend','K.A Applegate','Bắn và chém');
insert into sanphamdochoi values('spd8',N'Gươm của vua vô danh','250','14400','đ','DMDC2','Đức','League','K.A Applegate','Chém');
insert into sanphamdochoi values('spd9',N'Đao truy hồn','300','84400','đ','DMDC3','Việt','Go','K.A Applegate','Chém');
insert into sanphamdochoi values('spd10',N'Giày hermes','400','74400','đ','DMDC1','Ấn','Drip','K.A Applegate','Chạy');

insert into sanphamdungcu values('spdc1',N'Búa','100','đ','DMDCC1','Hàn','Dior','K.A Applegate','Đen','30','Vải','Mặc','54400');
insert into sanphamdungcu values('spdc2',N'Đao','150','đ','DMDCC2','Trung','Hermes','gate','Biển','40','Vải','Chém','56400');
insert into sanphamdungcu values('spdc3',N'Liềm','200','đ','DMDCC3','Việt','Gucci','Bill Gate','Hường','50','Gỗ','Ngủ''64400');
insert into sanphamdungcu values('spdc4',N'Kéo','130','đ','DMDCC1','Nhật','Adidas','Anhxtanh','Trắng','60','Sắt','Tắm','74400');
insert into sanphamdungcu values('spdc5',N'Cày','120','đ','DMDCC2','Thái','Nike','Galile','Đỏ','50','Gỗ','Khóc','84400');
insert into sanphamdungcu values('spdc6',N'Kiếm','140','đ','DMDCC3','Nga','Disney','Edixon','Hồng','30','Nhựa','Mặc','94400');
insert into sanphamdungcu values('spdc7',N'Súng','110','đ','DMDCC1','Lào','Dạ hương','K.A Applegate','Vàng','30','Nước','Khóc','55400');
insert into sanphamdungcu values('spdc8',N'Quạt','80','đ','DMDCC2','Mỹ','OK','Galile','Tím','10','Nhôm','Chơi','57400');
insert into sanphamdungcu values('spdc9',N'Ruy băng','400','đ','DMDCC3','2','Cam','Biscafun','Newton','Đen','20','Vải','Mặc','58400');
insert into sanphamdungcu values('spdc1',N'Thương','300','đ','DMDCC1','Ấn','Luisvuiton','Rolnado','Xám','10','Inox','Chém','52400');

insert into chitietdonhang values('mdh1','sp1',1);
insert into chitietdonhang values('mdh2','sp2',3);
insert into chitietdonhang values('mdh3','sp3',4);
insert into chitietdonhang values('mdh4','sp4',5);
insert into chitietdonhang values('mdh5','sp5',7);
insert into chitietdonhang values('mdh6''sp6',8);
insert into chitietdonhang values('mdh7','sp7',7);
insert into chitietdonhang values('mdh8','sp8',7);
insert into chitietdonhang values('mdh9','sp9',7);
insert into chitietdonhang values('mdh10','sp10',7);
insert into chitietdonhang values('mdh11','spd1',1);
insert into chitietdonhang values('mdh12','spd2',3);
insert into chitietdonhang values('mdh13','spd3',4);
insert into chitietdonhang values('mdh14','spd4',5);
insert into chitietdonhang values('mdh15','spd5',7);
insert into chitietdonhang values('mdh16''spd6',8);
insert into chitietdonhang values('mdh17','spd7',7);
insert into chitietdonhang values('mdh18','spd8',7);
insert into chitietdonhang values('mdh19','spd9',7);
insert into chitietdonhang values('mdh20','spd10',7);
insert into chitietdonhang values('mdh21','spdc1',1);
insert into chitietdonhang values('mdh22','spdc2',3);
insert into chitietdonhang values('mdh23','spdc3',4);
insert into chitietdonhang values('mdh24','spdc4',5);
insert into chitietdonhang values('mdh25','spdc5',7);
insert into chitietdonhang values('mdh26''spdc6',8);
insert into chitietdonhang values('mdh27','spdc7',7);
insert into chitietdonhang values('mdh28','spdc8',7);
insert into chitietdonhang values('mdh29','spdc9',7);
insert into chitietdonhang values('mdh30','spdc10',7);




